idArret;datecreation;datedebut;datefin;nombrejour;datereprise;agent_matricule;statut
3587;02/01/2020;02/01/2020;03/01/2020;2;06/01/2020;4077;Valider
3588;02/01/2020;02/01/2020;03/01/2020;2;06/01/2020;4660;Valider
3589;02/01/2020;02/01/2020;03/01/2020;2;04/01/2020;3239;Valider
3590;02/01/2020;02/01/2020;03/01/2020;2;06/01/2020;4079;Valider
3591;02/01/2020;02/01/2020;03/01/2020;2;06/01/2020;4401;Valider
3592;02/01/2020;02/01/2020;03/01/2020;2;06/01/2020;3761;Valider
3593;02/01/2020;02/01/2020;03/01/2020;2;04/01/2020;3837;Valider
3594;02/01/2020;02/01/2020;03/01/2020;2;06/01/2020;3297;Valider
3595;02/01/2020;02/01/2020;03/01/2020;2;06/01/2020;3113;Valider
3596;02/01/2020;02/01/2020;03/01/2020;2;06/01/2020;3436;Valider
3597;03/01/2020;03/01/2020;03/01/2020;1;06/01/2020;3339;Valider
3598;03/01/2020;03/01/2020;03/01/2020;1;06/01/2020;4134;Valider
3599;03/01/2020;03/01/2020;03/01/2020;1;06/01/2020;3073;Valider
3600;03/01/2020;03/01/2020;03/01/2020;1;04/01/2020;4121;Valider
3601;03/01/2020;03/01/2020;03/01/2020;1;06/01/2020;3301;Valider
3602;03/01/2020;04/01/2020;04/01/2020;1;06/01/2020;4836;Valider
3603;06/01/2020;06/01/2020;07/01/2020;2;08/01/2020;4418;Valider
3604;06/01/2020;06/01/2020;07/01/2020;2;08/01/2020;4104;Valider
3605;06/01/2020;06/01/2020;07/01/2020;2;08/01/2020;3831;Valider
3606;06/01/2020;02/01/2020;03/01/2020;2;06/01/2020;4277;Valider
3607;06/01/2020;06/01/2020;07/01/2020;2;08/01/2020;4277;Valider
3608;06/01/2020;06/01/2020;07/01/2020;2;08/01/2020;3116;Valider
3609;06/01/2020;06/01/2020;08/01/2020;3;09/01/2020;4459;Valider
3610;06/01/2020;02/01/2020;04/01/2020;3;06/01/2020;4126;Valider
3611;06/01/2020;02/01/2020;03/01/2020;2;04/01/2020;4853;Valider
3612;08/01/2020;02/01/2020;03/01/2020;2;04/01/2020;3752;Valider
3613;08/01/2020;08/01/2020;10/01/2020;3;13/01/2020;4104;Valider
3614;08/01/2020;08/01/2020;10/01/2020;3;13/01/2020;4129;Valider
3615;08/01/2020;23/12/2019;23/12/2019;1;24/12/2019;4326;Valider
3616;08/01/2020;08/01/2020;10/01/2020;3;11/01/2020;3568;Valider
3617;08/01/2020;08/01/2020;10/01/2020;3;11/01/2020;3885;Valider
3618;08/01/2020;08/01/2020;08/01/2020;1;09/01/2020;4465;Valider
3619;08/01/2020;08/01/2020;10/01/2020;3;13/01/2020;4628;Valider
3620;08/01/2020;08/01/2020;10/01/2020;3;13/01/2020;4811;Valider
3621;08/01/2020;08/01/2020;10/01/2020;3;13/01/2020;3672;Valider
3623;09/01/2020;06/01/2020;08/01/2020;3;09/01/2020;3994;Valider
3624;09/01/2020;07/01/2020;08/01/2020;2;09/01/2020;4101;Valider
3625;09/01/2020;09/01/2020;09/01/2020;1;10/01/2020;4509;Valider
3626;09/01/2020;09/01/2020;10/01/2020;2;13/01/2020;4266;Valider
3627;09/01/2020;09/01/2020;10/01/2020;2;13/01/2020;3155;Valider
3628;09/01/2020;09/01/2020;10/01/2020;2;13/01/2020;3560;Valider
3629;09/01/2020;05/01/2020;07/01/2020;3;08/01/2020;4333;Valider
3630;09/01/2020;09/01/2020;10/01/2020;2;11/01/2020;3706;Valider
3631;09/01/2020;09/01/2020;10/01/2020;2;13/01/2020;3461;Valider
3632;09/01/2020;09/01/2020;10/01/2020;2;13/01/2020;4069;Valider
3633;10/01/2020;10/01/2020;10/01/2020;1;13/01/2020;4533;Valider
3634;10/01/2020;10/01/2020;10/01/2020;1;13/01/2020;4856;Valider
3635;10/01/2020;09/01/2020;10/01/2020;2;11/01/2020;3820;Valider
3636;10/01/2020;02/01/2020;03/01/2020;2;06/01/2020;3839;Valider
3637;10/01/2020;10/01/2020;10/01/2020;1;13/01/2020;4096;Valider
3638;10/01/2020;10/01/2020;10/01/2020;1;13/01/2020;3764;Valider
3639;10/01/2020;10/01/2020;10/01/2020;1;13/01/2020;1941;Valider
3640;10/01/2020;08/01/2020;09/01/2020;2;10/01/2020;2833;Valider
3641;10/01/2020;10/01/2020;10/01/2020;1;13/01/2020;2833;Valider
3642;10/01/2020;09/01/2020;10/01/2020;2;11/01/2020;3444;Valider
3643;13/01/2020;13/01/2020;13/01/2020;1;14/01/2020;3654;Valider
3644;13/01/2020;13/01/2020;14/01/2020;2;15/01/2020;3512;Valider
3645;13/01/2020;13/01/2020;13/01/2020;1;14/01/2020;2819;Valider
3646;13/01/2020;13/01/2020;13/01/2020;1;14/01/2020;2927;Valider
3647;13/01/2020;13/01/2020;14/01/2020;2;15/01/2020;4399;Valider
3648;13/01/2020;13/01/2020;14/01/2020;2;15/01/2020;3103;Valider
3649;13/01/2020;13/01/2020;14/01/2020;2;15/01/2020;3681;Valider
3650;13/01/2020;13/01/2020;13/01/2020;1;14/01/2020;3898;Valider
3651;14/01/2020;09/01/2020;15/01/2020;7;16/01/2020;3059;Valider
3652;13/01/2020;13/01/2020;17/01/2020;5;18/01/2020;3709;Valider
3653;13/01/2020;13/01/2020;14/01/2020;2;15/01/2020;4277;Valider
3654;13/01/2020;13/01/2020;13/01/2020;1;14/01/2020;2826;Valider
3655;13/01/2020;13/01/2020;13/01/2020;1;14/01/2020;3486;Valider
3656;13/01/2020;12/01/2020;14/01/2020;3;15/01/2020;4297;Valider
3657;13/01/2020;13/01/2020;15/01/2020;3;16/01/2020;3614;Valider
3658;13/01/2020;30/12/2019;01/01/2020;3;02/01/2020;3567;Valider
3659;13/01/2020;13/01/2020;14/01/2020;2;15/01/2020;3708;Valider
3660;13/01/2020;08/01/2020;14/01/2020;7;15/01/2020;3894;Valider
3661;14/01/2020;08/01/2020;10/01/2020;3;11/01/2020;4364;Valider
3662;14/01/2020;08/01/2020;14/01/2020;7;15/01/2020;3153;Valider
3663;14/01/2020;13/01/2020;15/01/2020;3;16/01/2020;4096;Valider
3664;14/01/2020;14/01/2020;14/01/2020;1;15/01/2020;3894;Valider
3665;14/01/2020;13/01/2020;17/01/2020;5;18/01/2020;2813;Valider
3666;14/01/2020;14/01/2020;14/01/2020;1;15/01/2020;3058;Valider
3667;14/01/2020;14/01/2020;15/01/2020;2;16/01/2020;4358;Valider
3668;14/01/2020;14/01/2020;15/01/2020;2;16/01/2020;2751;Valider
3670;14/01/2020;13/01/2020;13/01/2020;1;14/01/2020;3662;Valider
3671;15/01/2020;11/01/2020;12/01/2020;2;13/01/2020;3895;Valider
3672;15/01/2020;06/01/2020;06/01/2020;1;07/01/2020;3319;Valider
3673;15/01/2020;07/01/2020;08/01/2020;2;09/01/2020;3429;Valider
3674;15/01/2020;14/01/2020;21/01/2020;8;22/01/2020;3878;Non valider
3675;15/01/2020;09/01/2020;10/01/2020;2;13/01/2020;3429;Valider
3676;15/01/2020;07/01/2020;09/01/2020;3;10/01/2020;4006;Valider
3677;15/01/2020;15/01/2020;16/01/2020;2;17/01/2020;4413;Valider
3678;15/01/2020;15/01/2020;15/01/2020;1;16/01/2020;3932;Valider
3679;15/01/2020;15/01/2020;15/01/2020;1;16/01/2020;3050;Valider
3680;15/01/2020;15/01/2020;17/01/2020;3;20/01/2020;4619;Valider
3681;15/01/2020;15/01/2020;15/01/2020;1;16/01/2020;3955;Valider
3682;15/01/2020;06/01/2020;08/01/2020;3;09/01/2020;4750;Valider
3683;15/01/2020;09/01/2020;11/01/2020;3;12/01/2020;4750;Valider
3684;15/01/2020;13/01/2020;14/01/2020;2;15/01/2020;4487;Valider
3685;15/01/2020;15/01/2020;16/01/2020;2;17/01/2020;3058;Valider
3686;15/01/2020;15/01/2020;15/01/2020;1;16/01/2020;3940;Valider
3687;15/01/2020;07/01/2020;09/01/2020;3;10/01/2020;3598;Valider
3688;15/01/2020;02/01/2020;04/01/2020;3;05/01/2020;4040;Valider
3689;15/01/2020;23/12/2019;25/12/2019;3;26/12/2019;3692;Valider
3691;15/01/2020;07/01/2020;07/01/2020;1;08/01/2020;3629;Valider
3692;15/01/2020;15/01/2020;17/01/2020;3;18/01/2020;3429;Valider
3693;16/01/2020;16/01/2020;16/01/2020;1;17/01/2020;3073;Valider
3694;16/01/2020;16/01/2020;17/01/2020;2;18/01/2020;4245;Valider
3695;16/01/2020;16/01/2020;16/01/2020;1;17/01/2020;4402;Valider
3696;16/01/2020;16/01/2020;16/01/2020;1;17/01/2020;3183;Valider
3697;16/01/2020;16/01/2020;17/01/2020;2;18/01/2020;3439;Valider
3699;16/01/2020;15/01/2020;15/01/2020;1;16/01/2020;4393;Valider
3700;16/01/2020;16/01/2020;16/01/2020;1;17/01/2020;4684;Valider
3701;16/01/2020;13/01/2020;15/01/2020;3;16/01/2020;3555;Valider
3702;17/01/2020;17/01/2020;17/01/2020;1;18/01/2020;4407;Valider
3703;17/01/2020;17/01/2020;17/01/2020;1;18/01/2020;3555;Valider
3704;17/01/2020;17/01/2020;17/01/2020;1;18/01/2020;2819;Valider
3705;17/01/2020;17/01/2020;17/01/2020;1;18/01/2020;4684;Valider
3706;17/01/2020;17/01/2020;17/01/2020;1;18/01/2020;4002;Valider
3707;17/01/2020;15/01/2020;16/01/2020;2;17/01/2020;4134;Valider
3708;17/01/2020;17/01/2020;21/01/2020;5;22/01/2020;4134;Valider
3709;17/01/2020;17/01/2020;17/01/2020;1;18/01/2020;3528;Valider
3710;17/01/2020;16/01/2020;17/01/2020;2;18/01/2020;4393;Valider
3711;17/01/2020;17/01/2020;17/01/2020;1;18/01/2020;2884;Valider
3712;20/01/2020;20/01/2020;22/01/2020;3;23/01/2020;4791;Valider
3713;20/01/2020;20/01/2020;20/01/2020;1;21/01/2020;4253;Valider
3714;20/01/2020;16/01/2020;17/01/2020;2;20/01/2020;4147;Valider
3715;20/01/2020;20/01/2020;21/01/2020;2;22/01/2020;3950;Valider
3716;20/01/2020;20/01/2020;21/01/2020;2;22/01/2020;4807;Valider
3717;20/01/2020;20/01/2020;22/01/2020;3;23/01/2020;4016;Valider
3718;20/01/2020;20/01/2020;20/01/2020;1;21/01/2020;4259;Valider
3719;20/01/2020;14/01/2020;15/01/2020;2;16/01/2020;2773;Valider
3721;20/01/2020;18/01/2020;18/01/2020;1;20/01/2020;3616;Valider
3722;20/01/2020;19/01/2020;25/01/2020;7;27/01/2020;3869;Valider
3723;21/01/2020;21/01/2020;21/01/2020;1;22/01/2020;3224;Valider
3724;21/01/2020;21/01/2020;21/01/2020;1;22/01/2020;4015;Valider
3725;21/01/2020;21/01/2020;21/01/2020;1;22/01/2020;3988;Valider
3726;28/02/2020;17/01/2020;21/01/2020;5;22/01/2020;4402;Valider
3727;21/01/2020;20/01/2020;22/01/2020;3;23/01/2020;3635;Valider
3728;21/01/2020;21/01/2020;21/01/2020;1;22/01/2020;2891;Valider
3729;21/01/2020;21/01/2020;22/01/2020;2;23/01/2020;3368;Valider
3730;21/01/2020;20/01/2020;21/01/2020;2;22/01/2020;3332;Valider
3731;21/01/2020;21/01/2020;25/01/2020;5;26/01/2020;3126;Valider
3732;21/01/2020;21/01/2020;22/01/2020;2;23/01/2020;3460;Valider
3733;21/01/2020;21/01/2020;22/01/2020;2;23/01/2020;3235;Valider
3734;21/01/2020;03/01/2020;05/01/2020;3;06/01/2020;3793;Valider
3735;21/01/2020;06/01/2020;08/01/2020;3;09/01/2020;3793;Valider
3736;21/01/2020;17/01/2020;18/01/2020;2;20/01/2020;3793;Valider
3737;21/01/2020;20/01/2020;22/01/2020;3;23/01/2020;4211;Valider
3738;21/01/2020;21/01/2020;22/01/2020;2;23/01/2020;4868;Valider
3739;22/01/2020;21/01/2020;22/01/2020;2;23/01/2020;3970;Valider
3740;27/01/2020;20/01/2020;24/01/2020;5;25/01/2020;3818;Valider
3741;22/01/2020;22/01/2020;24/01/2020;3;25/01/2020;4039;Valider
3742;22/01/2020;22/01/2020;23/01/2020;2;24/01/2020;3954;Valider
3743;22/01/2020;20/01/2020;21/01/2020;2;22/01/2020;4040;Valider
3744;23/01/2020;22/01/2020;24/01/2020;3;25/01/2020;4425;Valider
3745;23/01/2020;23/01/2020;25/01/2020;3;27/01/2020;3501;Valider
3746;23/01/2020;23/01/2020;25/01/2020;3;27/01/2020;3406;Valider
3747;23/01/2020;23/01/2020;24/01/2020;2;27/01/2020;4791;Valider
3748;23/01/2020;22/01/2020;24/01/2020;3;25/01/2020;4245;Valider
3750;23/01/2020;23/01/2020;24/01/2020;2;27/01/2020;4001;Valider
3751;23/01/2020;22/01/2020;22/01/2020;1;23/01/2020;4240;Valider
3752;23/01/2020;23/01/2020;23/01/2020;1;24/01/2020;3279;Valider
3753;23/01/2020;21/01/2020;25/01/2020;5;27/01/2020;3284;Valider
3754;23/01/2020;23/01/2020;24/01/2020;2;27/01/2020;3235;Valider
3755;23/01/2020;23/01/2020;23/01/2020;1;24/01/2020;4477;Valider
3756;23/01/2020;23/01/2020;24/01/2020;2;27/01/2020;4301;Valider
3757;23/01/2020;23/01/2020;24/01/2020;2;27/01/2020;4440;Valider
3758;23/01/2020;23/01/2020;25/01/2020;3;27/01/2020;3218;Valider
3759;23/01/2020;23/01/2020;24/01/2020;2;27/01/2020;3970;Valider
3760;23/01/2020;21/01/2020;23/01/2020;3;24/01/2020;4521;Valider
3761;24/01/2020;02/01/2020;02/01/2020;1;03/01/2020;3723;Valider
3762;24/01/2020;24/01/2020;24/01/2020;1;27/01/2020;4794;Valider
3763;24/01/2020;24/01/2020;24/01/2020;1;27/01/2020;4837;Valider
3764;24/01/2020;24/01/2020;24/01/2020;1;27/01/2020;2682;Valider
3765;24/01/2020;24/01/2020;25/01/2020;2;27/01/2020;4835;Valider
3766;27/01/2020;27/01/2020;28/01/2020;2;29/01/2020;3640;Valider
3767;27/01/2020;27/01/2020;27/01/2020;1;28/01/2020;4367;Valider
3768;27/01/2020;27/01/2020;27/01/2020;1;28/01/2020;4299;Valider
3769;27/01/2020;27/01/2020;29/01/2020;3;30/01/2020;4104;Valider
3770;27/01/2020;27/01/2020;27/01/2020;1;28/01/2020;4815;Valider
3771;27/01/2020;24/01/2020;24/01/2020;1;25/01/2020;4113;Valider
3772;27/01/2020;27/01/2020;29/01/2020;3;30/01/2020;4001;Valider
3773;27/01/2020;27/01/2020;29/01/2020;3;30/01/2020;4419;Valider
3774;27/01/2020;27/01/2020;29/01/2020;3;30/01/2020;4721;Valider
3775;27/01/2020;27/01/2020;29/01/2020;3;30/01/2020;3794;Valider
3776;27/01/2020;21/01/2020;22/01/2020;2;23/01/2020;4127;Valider
3777;27/01/2020;23/01/2020;24/01/2020;2;25/01/2020;4127;Valider
3778;28/01/2020;28/01/2020;30/01/2020;3;31/01/2020;3183;Valider
3779;28/01/2020;28/01/2020;28/01/2020;1;29/01/2020;4287;Valider
3780;28/01/2020;28/01/2020;28/01/2020;1;29/01/2020;3127;Valider
3781;28/01/2020;28/01/2020;28/01/2020;1;29/01/2020;3863;Valider
3782;28/01/2020;28/01/2020;30/01/2020;3;31/01/2020;3635;Valider
3783;28/01/2020;28/01/2020;28/01/2020;1;29/01/2020;3777;Valider
3784;28/01/2020;28/01/2020;28/01/2020;1;29/01/2020;3507;Valider
3785;29/01/2020;29/01/2020;29/01/2020;1;30/01/2020;3531;Valider
3786;29/01/2020;29/01/2020;30/01/2020;2;31/01/2020;1941;Valider
3787;29/01/2020;29/01/2020;30/01/2020;2;31/01/2020;3078;Valider
3788;29/01/2020;29/01/2020;30/01/2020;2;31/01/2020;4683;Valider
3789;29/01/2020;28/01/2020;28/01/2020;1;29/01/2020;4338;Valider
3790;29/01/2020;29/01/2020;30/01/2020;2;31/01/2020;4607;Valider
3791;29/01/2020;28/01/2020;31/01/2020;4;01/02/2020;4113;Valider
3792;04/02/2020;28/01/2020;03/02/2020;7;04/02/2020;4440;Valider
3793;30/01/2020;24/01/2020;24/01/2020;1;25/01/2020;3612;Valider
3794;30/01/2020;28/01/2020;30/01/2020;3;31/01/2020;3537;Valider
3795;30/01/2020;29/01/2020;31/01/2020;3;03/02/2020;3342;Valider
3796;30/01/2020;30/01/2020;31/01/2020;2;03/02/2020;4493;Valider
3797;30/01/2020;30/01/2020;31/01/2020;2;03/02/2020;4247;Valider
3798;30/01/2020;29/01/2020;31/01/2020;3;03/02/2020;3869;Valider
3799;30/01/2020;28/01/2020;29/01/2020;2;30/01/2020;4473;Valider
3800;30/01/2020;30/01/2020;30/01/2020;1;31/01/2020;3127;Valider
3801;30/01/2020;30/01/2020;31/01/2020;2;03/02/2020;2672;Valider
3802;30/01/2020;30/01/2020;01/02/2020;3;03/02/2020;4401;Valider
3803;30/01/2020;28/01/2020;29/01/2020;2;30/01/2020;3852;Valider
3804;30/01/2020;30/01/2020;31/01/2020;2;03/02/2020;4122;Valider
3805;30/01/2020;27/01/2020;27/01/2020;1;28/01/2020;3954;Valider
3806;30/01/2020;28/01/2020;30/01/2020;3;31/01/2020;3954;Valider
3807;30/01/2020;30/01/2020;31/01/2020;2;03/02/2020;3794;Valider
3808;30/01/2020;30/01/2020;01/02/2020;3;03/02/2020;4210;Valider
3809;31/01/2020;31/01/2020;31/01/2020;1;03/02/2020;4505;Valider
3810;31/01/2020;31/01/2020;31/01/2020;1;03/02/2020;3518;Valider
3811;31/01/2020;31/01/2020;31/01/2020;1;03/02/2020;4781;Valider
3812;31/01/2020;31/01/2020;01/02/2020;2;03/02/2020;2848;Valider
3813;31/01/2020;29/01/2020;31/01/2020;3;01/02/2020;3523;Valider
3814;31/01/2020;30/01/2020;31/01/2020;2;03/02/2020;3721;Valider
3815;31/01/2020;29/01/2020;29/01/2020;1;30/01/2020;4903;Valider
3816;03/02/2020;03/02/2020;04/02/2020;2;05/02/2020;3794;Valider
3817;03/02/2020;03/02/2020;05/02/2020;3;06/02/2020;4531;Valider
3818;03/02/2020;03/02/2020;03/02/2020;1;04/02/2020;4813;Valider
3820;03/02/2020;03/02/2020;04/02/2020;2;05/02/2020;3477;Valider
3821;04/02/2020;04/02/2020;04/02/2020;1;05/02/2020;4629;Valider
3822;04/02/2020;04/02/2020;05/02/2020;2;06/02/2020;3993;Valider
3823;04/02/2020;04/02/2020;05/02/2020;2;06/02/2020;3108;Valider
3824;04/02/2020;04/02/2020;04/02/2020;1;05/02/2020;4310;Valider
3825;04/02/2020;04/02/2020;04/02/2020;1;05/02/2020;2796;Valider
3826;04/02/2020;03/02/2020;05/02/2020;3;06/02/2020;4780;Valider
3827;04/02/2020;30/01/2020;01/02/2020;3;03/02/2020;4104;Valider
3828;04/02/2020;04/02/2020;05/02/2020;2;06/02/2020;3909;Valider
3829;04/02/2020;04/02/2020;05/02/2020;2;06/02/2020;4742;Valider
3830;04/02/2020;03/02/2020;05/02/2020;3;06/02/2020;4237;Valider
3831;04/02/2020;04/02/2020;05/02/2020;2;06/02/2020;3647;Valider
3832;05/02/2020;04/02/2020;05/02/2020;2;06/02/2020;4726;Valider
3833;05/02/2020;05/02/2020;06/02/2020;2;07/02/2020;4806;Valider
3834;05/02/2020;05/02/2020;07/02/2020;3;08/02/2020;3756;Valider
3835;05/02/2020;03/02/2020;09/02/2020;7;10/02/2020;3949;Valider
3836;05/02/2020;04/02/2020;06/02/2020;3;07/02/2020;3850;Valider
3837;05/02/2020;05/02/2020;07/02/2020;3;10/02/2020;4629;Valider
3838;05/02/2020;05/02/2020;07/02/2020;3;10/02/2020;4414;Valider
3839;05/02/2020;27/01/2020;29/01/2020;3;30/01/2020;4365;Valider
3840;06/02/2020;06/02/2020;07/02/2020;2;10/02/2020;4901;Valider
3841;06/02/2020;30/01/2020;05/02/2020;7;06/02/2020;3153;Valider
3842;06/02/2020;06/02/2020;07/02/2020;2;10/02/2020;4206;Valider
3843;06/02/2020;06/02/2020;08/02/2020;3;10/02/2020;3574;Valider
3844;06/02/2020;06/02/2020;06/02/2020;1;07/02/2020;3863;Valider
3845;06/02/2020;06/02/2020;07/02/2020;2;08/02/2020;4538;Valider
3846;06/02/2020;05/02/2020;06/02/2020;2;07/02/2020;4585;Valider
3850;06/02/2020;29/01/2020;30/01/2020;2;31/01/2020;2891;Valider
3851;06/02/2020;30/01/2020;31/01/2020;2;01/02/2020;4721;Valider
3852;07/02/2020;07/02/2020;07/02/2020;1;10/02/2020;4202;Valider
3853;07/02/2020;07/02/2020;07/02/2020;1;10/02/2020;3429;Valider
3854;07/02/2020;06/02/2020;07/02/2020;2;10/02/2020;4918;Valider
3855;07/02/2020;04/02/2020;05/02/2020;2;06/02/2020;4211;Valider
3856;07/02/2020;07/02/2020;07/02/2020;1;10/02/2020;3880;Valider
3857;07/02/2020;06/02/2020;06/02/2020;1;07/02/2020;3507;Valider
3858;07/02/2020;07/02/2020;07/02/2020;1;10/02/2020;3507;Valider
3859;07/02/2020;28/01/2020;31/01/2020;4;01/02/2020;3793;Valider
3860;07/02/2020;03/02/2020;07/02/2020;5;08/02/2020;3793;Non valider
3861;07/02/2020;06/02/2020;08/02/2020;3;10/02/2020;3747;Valider
3862;07/02/2020;07/02/2020;07/02/2020;1;10/02/2020;3612;Valider
3863;07/02/2020;07/02/2020;07/02/2020;1;10/02/2020;3530;Valider
3864;10/02/2020;06/02/2020;07/02/2020;2;10/02/2020;4742;Valider
3865;10/02/2020;10/02/2020;12/02/2020;3;13/02/2020;3486;Valider
3866;10/02/2020;10/02/2020;10/02/2020;1;11/02/2020;3725;Valider
3867;10/02/2020;10/02/2020;12/02/2020;3;13/02/2020;3848;Valider
3869;10/02/2020;06/02/2020;07/02/2020;2;10/02/2020;3940;Valider
3870;10/02/2020;10/02/2020;12/02/2020;3;13/02/2020;3940;Valider
3871;10/02/2020;10/02/2020;12/02/2020;3;13/02/2020;3765;Valider
3872;11/02/2020;11/02/2020;12/02/2020;2;13/02/2020;3851;Valider
3873;11/02/2020;11/02/2020;12/02/2020;2;13/02/2020;3574;Valider
3874;11/02/2020;11/02/2020;12/02/2020;2;13/02/2020;4862;Valider
3875;11/02/2020;11/02/2020;11/02/2020;1;12/02/2020;3727;Valider
3876;11/02/2020;08/02/2020;11/02/2020;4;12/02/2020;4499;Valider
3877;11/02/2020;10/02/2020;10/02/2020;1;11/02/2020;3516;Valider
3878;12/02/2020;12/02/2020;13/02/2020;2;14/02/2020;3508;Valider
3879;12/02/2020;12/02/2020;14/02/2020;3;15/02/2020;3507;Valider
3880;12/02/2020;10/02/2020;11/02/2020;2;12/02/2020;4841;Valider
3881;12/02/2020;12/02/2020;14/02/2020;3;17/02/2020;3897;Valider
3882;12/02/2020;12/02/2020;14/02/2020;3;17/02/2020;3954;Valider
3883;12/02/2020;12/02/2020;14/02/2020;3;17/02/2020;2805;Valider
3884;12/02/2020;12/02/2020;13/02/2020;2;14/02/2020;3639;Valider
3885;12/02/2020;11/02/2020;14/02/2020;4;15/02/2020;3452;Valider
3886;12/02/2020;11/02/2020;13/02/2020;3;14/02/2020;4322;Valider
3887;12/02/2020;12/02/2020;13/02/2020;2;14/02/2020;3488;Valider
3888;13/02/2020;13/02/2020;14/02/2020;2;17/02/2020;4814;Valider
3889;13/02/2020;13/02/2020;14/02/2020;2;17/02/2020;4310;Valider
3890;13/02/2020;13/02/2020;14/02/2020;2;17/02/2020;3085;Valider
3891;13/02/2020;11/02/2020;12/02/2020;2;13/02/2020;4365;Valider
3892;13/02/2020;13/02/2020;14/02/2020;2;17/02/2020;3574;Valider
3893;13/02/2020;13/02/2020;14/02/2020;2;17/02/2020;2971;Valider
3894;13/02/2020;13/02/2020;14/02/2020;2;17/02/2020;3926;Valider
3895;13/02/2020;13/02/2020;14/02/2020;2;15/02/2020;4430;Valider
3897;14/02/2020;14/02/2020;14/02/2020;1;17/02/2020;3776;Valider
3898;14/02/2020;14/02/2020;14/02/2020;1;17/02/2020;3737;Valider
3899;14/02/2020;14/02/2020;14/02/2020;1;17/02/2020;3148;Valider
3900;14/02/2020;14/02/2020;14/02/2020;1;17/02/2020;4133;Valider
3901;17/02/2020;16/02/2020;18/02/2020;3;19/02/2020;4310;Valider
3902;17/02/2020;17/02/2020;18/02/2020;2;19/02/2020;4934;Valider
3903;17/02/2020;12/02/2020;13/02/2020;2;14/02/2020;3319;Valider
3904;17/02/2020;17/02/2020;18/02/2020;2;19/02/2020;3086;Valider
3905;17/02/2020;17/02/2020;18/02/2020;2;19/02/2020;4917;Valider
3906;17/02/2020;14/02/2020;14/02/2020;1;17/02/2020;3533;Valider
3907;17/02/2020;17/02/2020;17/02/2020;1;18/02/2020;4697;Valider
3908;17/02/2020;17/02/2020;18/02/2020;2;19/02/2020;3588;Valider
3909;17/02/2020;15/02/2020;17/02/2020;3;18/02/2020;3148;Valider
3911;17/02/2020;15/02/2020;17/02/2020;3;18/02/2020;3286;Valider
3912;17/02/2020;17/02/2020;19/02/2020;3;20/02/2020;4315;Valider
3913;18/02/2020;18/02/2020;19/02/2020;2;20/02/2020;3723;Valider
3914;18/02/2020;22/01/2020;22/01/2020;1;23/01/2020;4040;Valider
3915;18/02/2020;18/02/2020;19/02/2020;2;20/02/2020;3980;Valider
3916;18/02/2020;18/02/2020;18/02/2020;1;19/02/2020;4671;Valider
3917;18/02/2020;18/02/2020;20/02/2020;3;21/02/2020;3286;Valider
3918;18/02/2020;18/02/2020;21/02/2020;4;22/02/2020;3530;Valider
3919;18/02/2020;17/02/2020;17/02/2020;1;18/02/2020;4462;Valider
3920;18/02/2020;18/02/2020;19/02/2020;2;20/02/2020;4776;Valider
3921;18/02/2020;18/02/2020;18/02/2020;1;19/02/2020;4819;Valider
3922;18/02/2020;18/02/2020;20/02/2020;3;21/02/2020;4395;Valider
3923;18/02/2020;18/02/2020;18/02/2020;1;19/02/2020;3905;Valider
3924;18/02/2020;18/02/2020;18/02/2020;1;19/02/2020;4739;Valider
3925;19/02/2020;19/02/2020;20/02/2020;2;21/02/2020;3726;Valider
3926;19/02/2020;18/02/2020;21/02/2020;4;22/02/2020;3126;Valider
3927;19/02/2020;19/02/2020;21/02/2020;3;24/02/2020;3971;Valider
3928;19/02/2020;19/02/2020;20/02/2020;2;21/02/2020;4657;Valider
3929;19/02/2020;19/02/2020;20/02/2020;2;21/02/2020;3490;Valider
3930;19/02/2020;18/02/2020;19/02/2020;2;20/02/2020;4074;Valider
3931;19/02/2020;18/02/2020;18/02/2020;1;19/02/2020;4430;Valider
3932;19/02/2020;19/02/2020;20/02/2020;2;21/02/2020;4462;Valider
3933;19/02/2020;19/02/2020;25/02/2020;7;26/02/2020;4934;Valider
3934;19/02/2020;19/02/2020;21/02/2020;3;24/02/2020;3639;Valider
3935;19/02/2020;18/02/2020;22/02/2020;5;24/02/2020;3406;Valider
3936;20/02/2020;20/02/2020;20/02/2020;1;21/02/2020;4205;Valider
3937;20/02/2020;20/02/2020;21/02/2020;2;24/02/2020;4675;Valider
3938;20/02/2020;20/02/2020;21/02/2020;2;24/02/2020;4506;Valider
3939;20/02/2020;20/02/2020;21/02/2020;2;24/02/2020;3979;Valider
3940;20/02/2020;20/02/2020;21/02/2020;2;24/02/2020;4112;Valider
3941;20/02/2020;20/02/2020;20/02/2020;1;21/02/2020;3880;Valider
3942;20/02/2020;19/02/2020;19/02/2020;1;20/02/2020;4307;Valider
3943;20/02/2020;20/02/2020;21/02/2020;2;24/02/2020;4250;Valider
3946;20/02/2020;20/02/2020;21/02/2020;2;24/02/2020;4191;Valider
3947;20/02/2020;20/02/2020;21/02/2020;2;24/02/2020;4013;Valider
3948;20/02/2020;20/02/2020;22/02/2020;3;24/02/2020;4401;Valider
3949;21/02/2020;21/02/2020;21/02/2020;1;24/02/2020;3625;Valider
3950;21/02/2020;21/02/2020;21/02/2020;1;24/02/2020;2589;Valider
3951;21/02/2020;21/02/2020;21/02/2020;1;24/02/2020;4205;Valider
3952;21/02/2020;20/02/2020;22/02/2020;3;24/02/2020;4117;Valider
3953;21/02/2020;21/02/2020;21/02/2020;1;24/02/2020;3056;Valider
3954;21/02/2020;21/02/2020;21/02/2020;1;24/02/2020;4411;Valider
3955;21/02/2020;21/02/2020;22/02/2020;2;24/02/2020;3817;Valider
3956;21/02/2020;17/02/2020;18/02/2020;2;19/02/2020;4211;Valider
3957;21/02/2020;19/02/2020;21/02/2020;3;22/02/2020;4211;Valider
3958;21/02/2020;22/02/2020;26/02/2020;5;27/02/2020;4211;Non valider
3959;24/02/2020;21/02/2020;21/02/2020;1;24/02/2020;3880;Valider
3960;24/02/2020;24/02/2020;25/02/2020;2;26/02/2020;2409;Valider
3961;24/02/2020;24/02/2020;25/02/2020;2;26/02/2020;3076;Valider
3962;24/02/2020;24/02/2020;25/02/2020;2;26/02/2020;3078;Valider
3963;24/02/2020;24/02/2020;24/02/2020;1;25/02/2020;4093;Valider
3964;24/02/2020;24/02/2020;26/02/2020;3;27/02/2020;4929;Valider
3965;25/02/2020;21/02/2020;25/02/2020;5;26/02/2020;3708;Valider
3966;25/02/2020;25/02/2020;25/02/2020;1;26/02/2020;4774;Valider
3967;25/02/2020;25/02/2020;26/02/2020;2;27/02/2020;3056;Valider
3968;25/02/2020;25/02/2020;26/02/2020;2;27/02/2020;2672;Valider
3969;25/02/2020;25/02/2020;26/02/2020;2;27/02/2020;3632;Valider
3970;25/02/2020;27/02/2020;28/02/2020;2;29/02/2020;3177;Valider
3971;25/02/2020;25/02/2020;25/02/2020;1;26/02/2020;4427;Valider
3972;25/02/2020;25/02/2020;25/02/2020;1;26/02/2020;4142;Valider
3973;25/02/2020;25/02/2020;26/02/2020;2;27/02/2020;3905;Valider
3975;25/02/2020;20/02/2020;22/02/2020;3;24/02/2020;4388;Valider
3976;25/02/2020;25/02/2020;27/02/2020;3;28/02/2020;2918;Valider
3977;26/02/2020;26/02/2020;27/02/2020;2;28/02/2020;4226;Valider
3978;26/02/2020;26/02/2020;27/02/2020;2;28/02/2020;3611;Valider
3979;26/02/2020;26/02/2020;27/02/2020;2;28/02/2020;3467;Valider
3980;26/02/2020;12/02/2020;14/02/2020;3;17/02/2020;4116;Valider
3981;26/02/2020;26/02/2020;26/02/2020;1;27/02/2020;3947;Valider
3982;26/02/2020;26/02/2020;27/02/2020;2;28/02/2020;4156;Valider
3983;26/02/2020;26/02/2020;26/02/2020;1;27/02/2020;3916;Valider
3984;26/02/2020;26/02/2020;28/02/2020;3;29/02/2020;3239;Valider
3985;27/02/2020;26/02/2020;28/02/2020;3;29/02/2020;2480;Valider
3986;27/02/2020;27/02/2020;29/02/2020;3;02/03/2020;4228;Valider
3987;27/02/2020;27/02/2020;27/02/2020;1;28/02/2020;4818;Valider
3988;27/02/2020;27/02/2020;28/02/2020;2;02/03/2020;4137;Valider
3989;27/02/2020;27/02/2020;28/02/2020;2;02/03/2020;4881;Valider
3990;27/02/2020;24/02/2020;25/02/2020;2;26/02/2020;3852;Valider
3991;27/02/2020;27/02/2020;28/02/2020;2;02/03/2020;3461;Valider
3992;27/02/2020;24/02/2020;26/02/2020;3;27/02/2020;4411;Valider
3993;28/02/2020;28/02/2020;28/02/2020;1;02/03/2020;3925;Valider
3994;28/02/2020;28/02/2020;28/02/2020;1;02/03/2020;3800;Valider
3995;28/02/2020;26/02/2020;27/02/2020;2;28/02/2020;3869;Valider
3996;28/02/2020;27/02/2020;28/02/2020;2;02/03/2020;3050;Valider
3997;05/03/2020;27/02/2020;04/03/2020;7;05/03/2020;3869;Valider
3998;28/02/2020;28/02/2020;28/02/2020;1;02/03/2020;3965;Valider
3999;28/02/2020;28/02/2020;28/02/2020;1;02/03/2020;4650;Valider
4000;28/02/2020;28/02/2020;28/02/2020;1;02/03/2020;3611;Valider
4001;28/02/2020;28/02/2020;28/02/2020;1;02/03/2020;3612;Valider
4002;28/02/2020;18/02/2020;21/02/2020;4;22/02/2020;3593;Valider
4004;02/03/2020;02/03/2020;02/03/2020;1;03/03/2020;4005;Valider
4005;02/03/2020;02/03/2020;03/03/2020;2;04/03/2020;3445;Valider
4006;02/03/2020;02/03/2020;04/03/2020;3;05/03/2020;3469;Valider
4007;02/03/2020;27/02/2020;05/03/2020;8;06/03/2020;3555;Non valider
4008;02/03/2020;27/02/2020;01/03/2020;4;02/03/2020;3050;Valider
4009;23/03/2020;02/03/2020;06/03/2020;5;07/03/2020;3050;Valider
4010;02/03/2020;02/03/2020;03/03/2020;2;04/03/2020;4087;Valider
4011;02/03/2020;02/03/2020;03/03/2020;2;04/03/2020;3343;Valider
4012;03/03/2020;03/03/2020;04/03/2020;2;05/03/2020;4467;Valider
4013;03/03/2020;03/03/2020;04/03/2020;2;05/03/2020;2826;Valider
4014;03/03/2020;03/03/2020;04/03/2020;2;05/03/2020;3843;Valider
4015;03/03/2020;27/02/2020;29/02/2020;3;02/03/2020;3411;Valider
4016;03/03/2020;02/03/2020;04/03/2020;3;05/03/2020;4101;Valider
4017;03/03/2020;03/03/2020;05/03/2020;3;06/03/2020;3905;Valider
4018;03/03/2020;28/02/2020;02/03/2020;4;03/03/2020;4365;Valider
4019;03/03/2020;03/03/2020;05/03/2020;3;06/03/2020;4121;Valider
4020;04/03/2020;04/03/2020;04/03/2020;1;05/03/2020;3531;Valider
4021;04/03/2020;04/03/2020;04/03/2020;1;05/03/2020;3879;Valider
4022;04/03/2020;02/03/2020;07/03/2020;6;09/03/2020;3793;Valider
4023;04/03/2020;03/03/2020;06/03/2020;4;07/03/2020;3126;Valider
4024;04/03/2020;04/03/2020;05/03/2020;2;06/03/2020;2817;Valider
4025;04/03/2020;04/03/2020;05/03/2020;2;06/03/2020;3074;Valider
4026;04/03/2020;04/03/2020;04/03/2020;1;05/03/2020;4935;Valider
4027;04/03/2020;04/03/2020;05/03/2020;2;06/03/2020;3755;Valider
4028;04/03/2020;04/03/2020;06/03/2020;3;09/03/2020;4440;Valider
4029;04/03/2020;04/03/2020;05/03/2020;2;06/03/2020;3894;Valider
4030;04/03/2020;04/03/2020;05/03/2020;2;06/03/2020;3249;Valider
4031;04/03/2020;04/03/2020;06/03/2020;3;07/03/2020;4040;Valider
4032;05/03/2020;05/03/2020;05/03/2020;1;06/03/2020;3877;Valider
4033;05/03/2020;05/03/2020;06/03/2020;2;09/03/2020;4935;Valider
4034;05/03/2020;05/03/2020;06/03/2020;2;09/03/2020;4465;Valider
4035;05/03/2020;05/03/2020;06/03/2020;2;09/03/2020;2443;Valider
4036;05/03/2020;05/03/2020;06/03/2020;2;09/03/2020;3383;Valider
4037;05/03/2020;02/03/2020;04/03/2020;3;05/03/2020;4565;Valider
4038;05/03/2020;05/03/2020;06/03/2020;2;09/03/2020;3294;Valider
4039;05/03/2020;05/03/2020;06/03/2020;2;09/03/2020;2800;Valider
4040;05/03/2020;04/03/2020;05/03/2020;2;06/03/2020;3988;Valider
4041;05/03/2020;05/03/2020;06/03/2020;2;07/03/2020;3869;Valider
4042;05/03/2020;24/02/2020;25/02/2020;2;26/02/2020;4954;Valider
4043;05/03/2020;26/02/2020;03/03/2020;7;04/03/2020;4954;Valider
4045;05/03/2020;05/03/2020;06/03/2020;2;09/03/2020;3063;Valider
4046;05/03/2020;05/03/2020;06/03/2020;2;07/03/2020;3612;Valider
4047;05/03/2020;02/03/2020;04/03/2020;3;05/03/2020;4881;Valider
4048;05/03/2020;05/03/2020;06/03/2020;2;07/03/2020;4101;Valider
4049;05/03/2020;05/03/2020;06/03/2020;2;07/03/2020;4019;Valider
4050;05/03/2020;03/03/2020;06/03/2020;4;09/03/2020;3927;Valider
4051;05/03/2020;05/03/2020;07/03/2020;3;09/03/2020;4726;Valider
4052;06/03/2020;06/03/2020;06/03/2020;1;09/03/2020;4731;Valider
4053;06/03/2020;06/03/2020;06/03/2020;1;09/03/2020;3943;Valider
4054;06/03/2020;05/03/2020;06/03/2020;2;09/03/2020;4136;Valider
4055;06/03/2020;06/03/2020;06/03/2020;1;09/03/2020;3905;Valider
4056;06/03/2020;06/03/2020;06/03/2020;1;09/03/2020;4202;Valider
4057;09/03/2020;09/03/2020;10/03/2020;2;11/03/2020;3899;Valider
4058;09/03/2020;09/03/2020;09/03/2020;1;10/03/2020;4202;Valider
4059;09/03/2020;27/02/2020;04/03/2020;7;05/03/2020;3153;Valider
4060;09/03/2020;09/03/2020;10/03/2020;2;11/03/2020;3861;Valider
4061;09/03/2020;09/03/2020;10/03/2020;2;11/03/2020;4877;Valider
4062;09/03/2020;05/03/2020;06/03/2020;2;09/03/2020;4674;Valider
4063;09/03/2020;09/03/2020;10/03/2020;2;11/03/2020;4910;Valider
4065;09/03/2020;09/03/2020;11/03/2020;3;12/03/2020;3608;Valider
4066;09/03/2020;09/03/2020;11/03/2020;3;12/03/2020;3463;Valider
4067;10/03/2020;10/03/2020;12/03/2020;3;13/03/2020;3476;Valider
4068;10/03/2020;02/03/2020;03/03/2020;2;04/03/2020;4617;Valider
4069;10/03/2020;04/03/2020;06/03/2020;3;07/03/2020;4617;Valider
4070;10/03/2020;09/03/2020;11/03/2020;3;12/03/2020;3050;Valider
4071;10/03/2020;09/03/2020;13/03/2020;5;14/03/2020;4414;Non valider
4072;10/03/2020;06/03/2020;06/03/2020;1;07/03/2020;3922;Valider
4073;10/03/2020;10/03/2020;11/03/2020;2;12/03/2020;4793;Valider
4074;10/03/2020;09/03/2020;10/03/2020;2;11/03/2020;2627;Valider
4075;10/03/2020;10/03/2020;12/03/2020;3;13/03/2020;2627;Valider
4076;10/03/2020;09/03/2020;13/03/2020;5;14/03/2020;3905;Non valider
4077;10/03/2020;09/03/2020;11/03/2020;3;12/03/2020;4200;Valider
4078;11/03/2020;11/03/2020;12/03/2020;2;13/03/2020;4860;Valider
4079;11/03/2020;11/03/2020;13/03/2020;3;16/03/2020;4202;Valider
4080;11/03/2020;11/03/2020;13/03/2020;3;16/03/2020;4168;Valider
4081;11/03/2020;11/03/2020;12/03/2020;2;13/03/2020;3368;Valider
4082;11/03/2020;11/03/2020;12/03/2020;2;13/03/2020;3898;Valider
4083;11/03/2020;11/03/2020;11/03/2020;1;12/03/2020;3486;Valider
4084;11/03/2020;09/03/2020;10/03/2020;2;11/03/2020;4796;Valider
4085;11/03/2020;11/03/2020;13/03/2020;3;16/03/2020;4796;Valider
4086;12/03/2020;12/03/2020;13/03/2020;2;16/03/2020;3982;Valider
4087;12/03/2020;12/03/2020;13/03/2020;2;16/03/2020;4535;Valider
4088;12/03/2020;12/03/2020;13/03/2020;2;16/03/2020;4357;Valider
4089;12/03/2020;12/03/2020;12/03/2020;1;13/03/2020;4455;Valider
4090;12/03/2020;12/03/2020;12/03/2020;1;13/03/2020;4052;Valider
4091;12/03/2020;12/03/2020;12/03/2020;1;13/03/2020;4653;Valider
4093;23/03/2020;12/03/2020;19/03/2020;8;20/03/2020;3050;Valider
4094;12/03/2020;12/03/2020;13/03/2020;2;14/03/2020;4908;Valider
4095;12/03/2020;11/03/2020;15/03/2020;5;16/03/2020;3284;Valider
4096;12/03/2020;10/03/2020;11/03/2020;2;12/03/2020;4322;Valider
4097;12/03/2020;11/03/2020;12/03/2020;2;13/03/2020;3612;Valider
4098;12/03/2020;10/03/2020;12/03/2020;3;13/03/2020;3851;Valider
4099;12/03/2020;11/03/2020;13/03/2020;3;16/03/2020;4721;Valider
4100;12/03/2020;11/03/2020;12/03/2020;2;13/03/2020;4650;Valider
4101;12/03/2020;12/03/2020;13/03/2020;2;16/03/2020;4709;Valider
4102;13/03/2020;13/03/2020;14/03/2020;2;16/03/2020;2848;Valider
4103;13/03/2020;09/03/2020;09/03/2020;1;10/03/2020;3528;Valider
4104;13/03/2020;12/03/2020;13/03/2020;2;14/03/2020;4013;Valider
4105;13/03/2020;13/03/2020;13/03/2020;1;16/03/2020;3580;Valider
4106;13/03/2020;13/03/2020;13/03/2020;1;16/03/2020;3126;Valider
4107;13/03/2020;13/03/2020;13/03/2020;1;16/03/2020;4853;Valider
4108;13/03/2020;13/03/2020;13/03/2020;1;16/03/2020;4897;Valider
4109;13/03/2020;09/03/2020;12/03/2020;4;13/03/2020;4858;Valider
4110;13/03/2020;13/03/2020;14/03/2020;2;16/03/2020;3657;Valider
4111;13/03/2020;13/03/2020;13/03/2020;1;14/03/2020;3476;Valider
4112;13/03/2020;13/03/2020;14/03/2020;2;16/03/2020;3064;Valider
4113;13/03/2020;13/03/2020;13/03/2020;1;16/03/2020;3532;Valider
4114;13/03/2020;13/03/2020;13/03/2020;1;16/03/2020;3528;Valider
4115;13/03/2020;12/03/2020;14/03/2020;3;15/03/2020;3775;Valider
4117;13/03/2020;13/03/2020;13/03/2020;1;16/03/2020;4112;Valider
4118;13/03/2020;09/03/2020;11/03/2020;3;12/03/2020;4607;Valider
4119;13/03/2020;12/03/2020;14/03/2020;3;16/03/2020;4607;Valider
4120;16/03/2020;16/03/2020;20/03/2020;5;21/03/2020;3791;Valider
4121;16/03/2020;16/03/2020;18/03/2020;3;19/03/2020;4135;Valider
4122;16/03/2020;16/03/2020;17/03/2020;2;18/03/2020;4796;Valider
4123;16/03/2020;16/03/2020;20/03/2020;5;21/03/2020;3905;Valider
4124;16/03/2020;16/03/2020;20/03/2020;5;21/03/2020;3709;Valider
4125;16/03/2020;16/03/2020;16/03/2020;1;17/03/2020;3849;Valider
4126;16/03/2020;16/03/2020;16/03/2020;1;17/03/2020;4708;Valider
4127;16/03/2020;16/03/2020;16/03/2020;1;17/03/2020;3611;Valider
4128;16/03/2020;16/03/2020;17/03/2020;2;18/03/2020;4178;Valider
4129;16/03/2020;16/03/2020;18/03/2020;3;19/03/2020;4134;Valider
4130;16/03/2020;16/03/2020;17/03/2020;2;18/03/2020;4365;Valider
4131;16/03/2020;16/03/2020;17/03/2020;2;18/03/2020;3850;Valider
4132;17/03/2020;17/03/2020;19/03/2020;3;20/03/2020;4136;Valider
4133;17/03/2020;16/03/2020;18/03/2020;3;19/03/2020;4074;Valider
4134;17/03/2020;16/03/2020;17/03/2020;2;18/03/2020;4487;Valider
4135;17/03/2020;17/03/2020;18/03/2020;2;19/03/2020;4718;Valider
4136;17/03/2020;17/03/2020;17/03/2020;1;18/03/2020;3529;Valider
4137;17/03/2020;12/03/2020;14/03/2020;3;16/03/2020;4546;Valider
4138;17/03/2020;13/03/2020;13/03/2020;1;14/03/2020;3612;Valider
4139;17/03/2020;10/03/2020;12/03/2020;3;13/03/2020;4720;Valider
4140;17/03/2020;14/03/2020;17/03/2020;4;18/03/2020;3459;Valider
4141;17/03/2020;17/03/2020;18/03/2020;2;19/03/2020;4090;Valider
4142;17/03/2020;17/03/2020;18/03/2020;2;19/03/2020;3635;Valider
4143;17/03/2020;17/03/2020;18/03/2020;2;19/03/2020;3778;Valider
4144;18/03/2020;18/03/2020;19/03/2020;2;20/03/2020;3078;Valider
4145;18/03/2020;17/03/2020;19/03/2020;3;20/03/2020;3847;Valider
4146;18/03/2020;18/03/2020;20/03/2020;3;23/03/2020;3322;Valider
4147;18/03/2020;18/03/2020;19/03/2020;2;20/03/2020;3011;Valider
4148;18/03/2020;18/03/2020;19/03/2020;2;20/03/2020;3010;Valider
4149;18/03/2020;18/03/2020;19/03/2020;2;20/03/2020;3914;Valider
4151;18/03/2020;18/03/2020;19/03/2020;2;20/03/2020;4357;Valider
4152;19/03/2020;19/03/2020;20/03/2020;2;23/03/2020;4352;Valider
4153;19/03/2020;19/03/2020;20/03/2020;2;23/03/2020;3743;Valider
4154;19/03/2020;19/03/2020;20/03/2020;2;21/03/2020;4922;Valider
4155;19/03/2020;19/03/2020;20/03/2020;2;23/03/2020;2930;Valider
4156;19/03/2020;17/03/2020;19/03/2020;3;20/03/2020;4046;Valider
4157;19/03/2020;19/03/2020;25/03/2020;7;26/03/2020;3612;Valider
4158;19/03/2020;17/03/2020;19/03/2020;3;20/03/2020;4937;Valider
4159;19/03/2020;19/03/2020;20/03/2020;2;23/03/2020;4837;Valider
4160;19/03/2020;19/03/2020;19/03/2020;1;20/03/2020;4388;Valider
4161;19/03/2020;18/03/2020;20/03/2020;3;23/03/2020;4135;Valider
4162;19/03/2020;16/03/2020;18/03/2020;3;19/03/2020;3369;Valider
4163;19/03/2020;19/03/2020;20/03/2020;2;21/03/2020;4048;Valider
4164;19/03/2020;19/03/2020;20/03/2020;2;23/03/2020;4074;Valider
4165;19/03/2020;19/03/2020;20/03/2020;2;21/03/2020;3635;Valider
4166;20/03/2020;20/03/2020;20/03/2020;1;23/03/2020;3011;Valider
4167;20/03/2020;20/03/2020;20/03/2020;1;23/03/2020;3916;Valider
4168;20/03/2020;20/03/2020;20/03/2020;1;23/03/2020;4201;Valider
4169;20/03/2020;19/03/2020;20/03/2020;2;23/03/2020;4079;Valider
4170;20/03/2020;19/03/2020;25/03/2020;7;26/03/2020;3153;Valider
4171;20/03/2020;20/03/2020;20/03/2020;1;23/03/2020;3906;Valider
4172;20/03/2020;20/03/2020;21/03/2020;2;23/03/2020;3657;Valider
4173;20/03/2020;19/03/2020;20/03/2020;2;21/03/2020;4754;Valider
4174;20/03/2020;19/03/2020;20/03/2020;2;21/03/2020;3650;Valider
4175;23/03/2020;23/03/2020;25/03/2020;3;26/03/2020;3906;Valider
4176;23/03/2020;20/03/2020;20/03/2020;1;23/03/2020;4357;Valider
4177;23/03/2020;23/03/2020;24/03/2020;2;25/03/2020;4588;Valider
4178;23/03/2020;20/03/2020;27/03/2020;8;28/03/2020;3050;Valider
4179;24/03/2020;23/03/2020;25/03/2020;3;26/03/2020;4202;Valider
4180;24/03/2020;24/03/2020;25/03/2020;2;26/03/2020;2440;Valider
4181;24/03/2020;24/03/2020;25/03/2020;2;26/03/2020;3756;Valider
4182;24/03/2020;24/03/2020;26/03/2020;3;27/03/2020;3705;Valider
4183;24/03/2020;23/03/2020;24/03/2020;2;25/03/2020;3805;Valider
4184;24/03/2020;23/03/2020;25/03/2020;3;26/03/2020;3389;Valider
4185;24/03/2020;11/03/2020;11/03/2020;1;12/03/2020;3939;Valider
4186;25/03/2020;25/03/2020;26/03/2020;2;27/03/2020;4792;Valider
4187;25/03/2020;25/03/2020;25/03/2020;1;26/03/2020;3955;Valider
4188;25/03/2020;25/03/2020;25/03/2020;1;26/03/2020;4395;Valider
4189;25/03/2020;25/03/2020;27/03/2020;3;30/03/2020;4079;Valider
4190;25/03/2020;25/03/2020;25/03/2020;1;26/03/2020;3116;Valider
4191;25/03/2020;24/03/2020;31/03/2020;8;01/04/2020;3284;Valider
4192;25/03/2020;25/03/2020;26/03/2020;2;27/03/2020;3555;Valider
4193;26/03/2020;26/03/2020;27/03/2020;2;30/03/2020;3714;Valider
4194;26/03/2020;26/03/2020;27/03/2020;2;28/03/2020;3116;Valider
4195;26/03/2020;26/03/2020;01/04/2020;7;02/04/2020;3612;Valider
4196;26/03/2020;23/03/2020;24/03/2020;2;25/03/2020;4114;Valider
4197;26/03/2020;26/03/2020;27/03/2020;2;30/03/2020;3526;Valider
4198;26/03/2020;26/03/2020;27/03/2020;2;28/03/2020;3522;Valider
4199;26/03/2020;26/03/2020;27/03/2020;2;30/03/2020;4588;Valider
4200;27/03/2020;27/03/2020;27/03/2020;1;30/03/2020;4467;Valider
4201;27/03/2020;27/03/2020;27/03/2020;1;30/03/2020;2819;Valider
4202;27/03/2020;27/03/2020;28/03/2020;2;30/03/2020;3555;Valider
4203;27/03/2020;27/03/2020;29/03/2020;3;30/03/2020;4142;Valider
4204;27/03/2020;26/03/2020;28/03/2020;3;30/03/2020;3712;Valider
4205;30/03/2020;30/03/2020;31/03/2020;2;01/04/2020;4569;Valider
4206;30/03/2020;30/03/2020;31/03/2020;2;01/04/2020;3629;Valider
4207;30/03/2020;30/03/2020;31/03/2020;2;01/04/2020;3522;Valider
4208;30/03/2020;30/03/2020;31/03/2020;2;01/04/2020;2673;Valider
4209;30/03/2020;25/03/2020;27/03/2020;3;28/03/2020;3994;Valider
4210;30/03/2020;30/03/2020;31/03/2020;2;01/04/2020;4006;Valider
4211;31/03/2020;31/03/2020;01/04/2020;2;02/04/2020;2769;Valider
4212;31/03/2020;30/03/2020;05/04/2020;7;06/04/2020;3284;Valider
4213;01/04/2020;31/03/2020;01/04/2020;2;02/04/2020;3883;Valider
4214;01/04/2020;30/03/2020;31/03/2020;2;01/04/2020;4585;Valider
4215;01/04/2020;01/04/2020;02/04/2020;2;03/04/2020;4585;Valider
4217;01/04/2020;01/04/2020;02/04/2020;2;03/04/2020;4230;Valider
4218;01/04/2020;01/04/2020;03/04/2020;3;06/04/2020;3653;Valider
4219;01/04/2020;01/04/2020;03/04/2020;3;06/04/2020;4607;Valider
4220;01/04/2020;01/04/2020;01/04/2020;1;02/04/2020;4006;Valider
4221;03/04/2020;10/03/2020;17/03/2020;8;18/03/2020;4125;Valider
4222;02/04/2020;02/04/2020;03/04/2020;2;06/04/2020;3820;Valider
4223;02/04/2020;02/04/2020;04/04/2020;3;06/04/2020;3913;Valider
4224;02/04/2020;02/04/2020;03/04/2020;2;06/04/2020;3494;Valider
4225;02/04/2020;01/04/2020;03/04/2020;3;06/04/2020;4090;Valider
4226;02/04/2020;02/04/2020;03/04/2020;2;06/04/2020;4568;Valider
4227;02/04/2020;31/03/2020;03/04/2020;4;06/04/2020;3847;Valider
4228;02/04/2020;02/04/2020;03/04/2020;2;06/04/2020;4671;Valider
4232;03/04/2020;02/04/2020;03/04/2020;2;06/04/2020;3883;Valider
4233;06/04/2020;06/04/2020;07/04/2020;2;08/04/2020;4203;Valider
4234;06/04/2020;02/04/2020;03/04/2020;2;06/04/2020;4653;Valider
4235;06/04/2020;06/04/2020;07/04/2020;2;08/04/2020;3653;Valider
4236;06/04/2020;06/04/2020;07/04/2020;2;08/04/2020;2926;Valider
4237;06/04/2020;06/04/2020;08/04/2020;3;09/04/2020;4931;Valider
4238;06/04/2020;02/04/2020;02/04/2020;1;03/04/2020;3516;Valider
4240;06/04/2020;06/04/2020;07/04/2020;2;08/04/2020;3594;Valider
4241;06/04/2020;06/04/2020;08/04/2020;3;09/04/2020;4178;Valider
4242;06/04/2020;06/04/2020;07/04/2020;2;08/04/2020;4090;Valider
4244;08/04/2020;07/04/2020;11/04/2020;5;13/04/2020;3460;Valider
4245;08/04/2020;23/03/2020;27/03/2020;5;30/03/2020;3847;Valider
4246;08/04/2020;06/04/2020;09/04/2020;4;10/04/2020;3847;Valider
4247;08/04/2020;08/04/2020;10/04/2020;3;11/04/2020;3653;Valider
4248;08/04/2020;08/04/2020;10/04/2020;3;13/04/2020;4077;Valider
4249;09/04/2020;09/04/2020;10/04/2020;2;13/04/2020;3794;Valider
4250;09/04/2020;09/04/2020;10/04/2020;2;13/04/2020;3370;Valider
4251;10/04/2020;10/04/2020;10/04/2020;1;13/04/2020;4509;Valider
4253;10/04/2020;09/04/2020;15/04/2020;7;16/04/2020;3153;Valider
4254;14/04/2020;13/04/2020;17/04/2020;5;18/04/2020;4517;Valider
4255;14/04/2020;14/04/2020;16/04/2020;3;17/04/2020;4924;Valider
4256;14/04/2020;14/04/2020;15/04/2020;2;16/04/2020;4731;Valider
4257;14/04/2020;07/04/2020;09/04/2020;3;10/04/2020;3723;Valider
4258;14/04/2020;10/04/2020;10/04/2020;1;14/04/2020;3723;Valider
4259;14/04/2020;14/04/2020;15/04/2020;2;16/04/2020;4230;Valider
4260;14/04/2020;14/04/2020;15/04/2020;2;16/04/2020;3010;Valider
4261;14/04/2020;14/04/2020;16/04/2020;3;17/04/2020;3512;Valider
4262;14/04/2020;15/04/2020;16/04/2020;2;17/04/2020;4930;Valider
4263;15/04/2020;14/04/2020;16/04/2020;3;17/04/2020;4885;Valider
4264;15/04/2020;15/04/2020;16/04/2020;2;17/04/2020;3368;Valider
4265;15/04/2020;15/04/2020;16/04/2020;2;17/04/2020;3439;Valider
4266;15/04/2020;15/04/2020;16/04/2020;2;17/04/2020;4095;Valider
4267;15/04/2020;14/04/2020;16/04/2020;3;17/04/2020;2805;Valider
4268;16/04/2020;16/04/2020;17/04/2020;2;18/04/2020;4164;Valider
4269;16/04/2020;16/04/2020;17/04/2020;2;20/04/2020;3010;Valider
4270;17/04/2020;17/04/2020;17/04/2020;1;20/04/2020;3495;Valider
4271;17/04/2020;17/04/2020;17/04/2020;1;20/04/2020;4924;Valider
4272;17/04/2020;17/04/2020;17/04/2020;1;20/04/2020;4899;Valider
4273;20/04/2020;20/04/2020;24/04/2020;5;25/04/2020;3654;Valider
4274;20/04/2020;17/04/2020;17/04/2020;1;18/04/2020;3733;Valider
4275;20/04/2020;17/04/2020;17/04/2020;1;20/04/2020;3127;Valider
4276;20/04/2020;20/04/2020;21/04/2020;2;22/04/2020;4599;Valider
4277;20/04/2020;20/04/2020;23/04/2020;4;24/04/2020;4726;Valider
4278;21/04/2020;21/04/2020;21/04/2020;1;22/04/2020;2769;Valider
4279;21/04/2020;21/04/2020;23/04/2020;3;24/04/2020;3839;Valider
4280;21/04/2020;21/04/2020;22/04/2020;2;23/04/2020;4413;Valider
4281;21/04/2020;21/04/2020;22/04/2020;2;23/04/2020;4850;Valider
4282;21/04/2020;21/04/2020;23/04/2020;3;24/04/2020;3153;Valider
4283;21/04/2020;20/04/2020;22/04/2020;3;23/04/2020;4090;Valider
4284;21/04/2020;21/04/2020;22/04/2020;2;23/04/2020;3056;Valider
4285;21/04/2020;20/04/2020;22/04/2020;3;23/04/2020;4924;Valider
4286;21/04/2020;21/04/2020;23/04/2020;3;24/04/2020;3223;Valider
4287;22/04/2020;21/04/2020;22/04/2020;2;23/04/2020;3898;Valider
4289;23/04/2020;22/04/2020;23/04/2020;2;24/04/2020;3768;Valider
4290;23/04/2020;23/04/2020;25/04/2020;3;27/04/2020;4395;Valider
4291;23/04/2020;23/04/2020;24/04/2020;2;25/04/2020;4509;Valider
4292;24/04/2020;24/04/2020;24/04/2020;1;25/04/2020;4413;Valider
4293;24/04/2020;24/04/2020;24/04/2020;1;25/04/2020;3309;Valider
4294;24/04/2020;24/04/2020;24/04/2020;1;25/04/2020;4657;Valider
4295;24/04/2020;24/04/2020;24/04/2020;1;25/04/2020;4908;Valider
4296;24/04/2020;23/04/2020;25/04/2020;3;27/04/2020;3491;Valider
4297;27/04/2020;27/04/2020;28/04/2020;2;29/04/2020;4791;Valider
4298;27/04/2020;27/04/2020;01/05/2020;5;02/05/2020;3153;Valider
4300;27/04/2020;14/04/2020;18/04/2020;5;19/04/2020;4529;Non valider
4301;27/04/2020;27/04/2020;01/05/2020;5;02/05/2020;4090;Non valider
4303;28/04/2020;28/04/2020;28/04/2020;1;29/04/2020;4689;Valider
4304;29/04/2020;29/04/2020;29/04/2020;1;30/04/2020;3071;Valider
4306;30/04/2020;30/04/2020;02/05/2020;3;04/05/2020;3376;Valider
4307;04/05/2020;03/05/2020;07/05/2020;5;08/05/2020;3906;Valider
4308;04/05/2020;04/05/2020;04/05/2020;1;05/05/2020;3005;Valider
4309;04/05/2020;20/04/2020;21/04/2020;2;22/04/2020;3417;Valider
4310;05/05/2020;05/05/2020;06/05/2020;2;07/05/2020;3308;Valider
4311;05/05/2020;05/05/2020;06/05/2020;2;07/05/2020;4774;Valider
4312;05/05/2020;05/05/2020;06/05/2020;2;07/05/2020;3939;Valider
4313;06/05/2020;06/05/2020;08/05/2020;3;09/05/2020;3983;Valider
4314;06/05/2020;06/05/2020;07/05/2020;2;08/05/2020;4726;Valider
4315;06/05/2020;06/05/2020;08/05/2020;3;09/05/2020;3974;Valider
4316;06/05/2020;06/05/2020;08/05/2020;3;09/05/2020;3947;Valider
4317;06/05/2020;06/05/2020;06/05/2020;1;07/05/2020;4650;Valider
4318;15/05/2020;05/05/2020;12/05/2020;8;13/05/2020;4028;Valider
4319;07/05/2020;07/05/2020;08/05/2020;2;09/05/2020;4270;Valider
4320;08/05/2020;08/05/2020;08/05/2020;1;09/05/2020;4526;Valider
4321;08/05/2020;08/05/2020;08/05/2020;1;09/05/2020;4179;Valider
4322;08/05/2020;07/05/2020;08/05/2020;2;09/05/2020;4774;Valider
4323;08/05/2020;08/05/2020;08/05/2020;1;09/05/2020;3845;Valider
4324;08/05/2020;08/05/2020;09/05/2020;2;10/05/2020;4726;Valider
4325;08/05/2020;06/05/2020;10/05/2020;5;11/05/2020;3900;Non valider
4326;08/05/2020;08/05/2020;08/05/2020;1;09/05/2020;3906;Valider
4327;08/05/2020;07/05/2020;09/05/2020;3;10/05/2020;4079;Valider
4328;08/05/2020;08/05/2020;08/05/2020;1;09/05/2020;3875;Valider
4329;08/05/2020;06/05/2020;08/05/2020;3;09/05/2020;4660;Valider
4330;08/05/2020;08/05/2020;08/05/2020;1;09/05/2020;4757;Valider
4331;08/05/2020;08/05/2020;09/05/2020;2;10/05/2020;3732;Valider
4332;11/05/2020;11/05/2020;12/05/2020;2;13/05/2020;2751;Valider
4334;11/05/2020;11/05/2020;13/05/2020;3;14/05/2020;4774;Valider
4335;11/05/2020;07/05/2020;11/05/2020;5;12/05/2020;4369;Non valider
4336;12/05/2020;11/05/2020;12/05/2020;2;13/05/2020;4219;Valider
4337;12/05/2020;12/05/2020;13/05/2020;2;14/05/2020;3905;Valider
4338;12/05/2020;12/05/2020;14/05/2020;3;15/05/2020;3905;Valider
4339;12/05/2020;13/05/2020;14/05/2020;2;15/05/2020;3549;Valider
4340;12/05/2020;12/05/2020;13/05/2020;2;14/05/2020;3732;Valider
4341;13/05/2020;13/05/2020;15/05/2020;3;16/05/2020;4103;Valider
4342;13/05/2020;13/05/2020;13/05/2020;1;14/05/2020;3915;Valider
4343;13/05/2020;14/05/2020;14/05/2020;1;15/05/2020;3732;Valider
4344;13/05/2020;13/05/2020;15/05/2020;3;16/05/2020;4369;Valider
4345;13/05/2020;13/05/2020;15/05/2020;3;16/05/2020;3839;Valider
4346;14/05/2020;14/05/2020;15/05/2020;2;16/05/2020;2832;Valider
4347;14/05/2020;14/05/2020;15/05/2020;2;16/05/2020;4550;Valider
4348;14/05/2020;14/05/2020;15/05/2020;2;16/05/2020;2480;Valider
4349;14/05/2020;14/05/2020;15/05/2020;2;16/05/2020;3116;Valider
4350;14/05/2020;14/05/2020;15/05/2020;2;16/05/2020;3610;Valider
4351;14/05/2020;06/05/2020;08/05/2020;3;11/05/2020;3549;Valider
4352;14/05/2020;14/05/2020;14/05/2020;1;15/05/2020;3914;Valider
4353;14/05/2020;14/05/2020;15/05/2020;2;16/05/2020;4960;Valider
4354;15/05/2020;15/05/2020;16/05/2020;2;17/05/2020;4178;Valider
4355;15/05/2020;15/05/2020;16/05/2020;2;17/05/2020;2891;Valider
4356;15/05/2020;15/05/2020;15/05/2020;1;16/05/2020;3765;Valider
4357;15/05/2020;11/05/2020;11/05/2020;1;12/05/2020;3940;Valider
4358;15/05/2020;15/05/2020;15/05/2020;1;16/05/2020;2819;Valider
4359;15/05/2020;15/05/2020;16/05/2020;2;17/05/2020;3755;Valider
4362;18/05/2020;13/05/2020;15/05/2020;3;18/05/2020;3824;Valider
4363;18/05/2020;18/05/2020;19/05/2020;2;20/05/2020;3086;Valider
4364;18/05/2020;18/05/2020;19/05/2020;2;20/05/2020;3610;Valider
4365;18/05/2020;18/05/2020;19/05/2020;2;20/05/2020;3751;Valider
4366;18/05/2020;18/05/2020;19/05/2020;2;20/05/2020;4077;Valider
4367;18/05/2020;18/05/2020;20/05/2020;3;21/05/2020;4103;Valider
4368;18/05/2020;11/05/2020;15/05/2020;5;16/05/2020;3376;Valider
4369;19/05/2020;08/05/2020;08/05/2020;1;11/05/2020;4238;Valider
4370;22/05/2020;22/05/2020;22/05/2020;1;25/05/2020;3863;Valider
4371;22/05/2020;22/05/2020;22/05/2020;1;25/05/2020;2699;Valider
4372;22/05/2020;22/05/2020;22/05/2020;1;25/05/2020;4065;Valider
4373;22/05/2020;22/05/2020;23/05/2020;2;25/05/2020;3621;Valider
4374;22/05/2020;10/05/2020;12/05/2020;3;13/05/2020;4467;Valider
4375;25/05/2020;25/05/2020;25/05/2020;1;26/05/2020;4454;Valider
4376;25/05/2020;25/05/2020;26/05/2020;2;27/05/2020;3721;Valider
4377;25/05/2020;25/05/2020;26/05/2020;2;27/05/2020;3621;Valider
4378;25/05/2020;25/05/2020;26/05/2020;2;27/05/2020;3393;Valider
4379;25/05/2020;25/05/2020;25/05/2020;1;26/05/2020;2884;Valider
4380;25/05/2020;22/05/2020;22/05/2020;1;23/05/2020;3610;Valider
4381;25/05/2020;25/05/2020;26/05/2020;2;27/05/2020;2672;Valider
4382;25/05/2020;25/05/2020;25/05/2020;1;26/05/2020;4104;Valider
4383;25/05/2020;25/05/2020;27/05/2020;3;28/05/2020;3610;Valider
4385;25/05/2020;26/05/2020;27/05/2020;2;28/05/2020;4927;Valider
4386;25/05/2020;25/05/2020;31/05/2020;7;01/06/2020;3839;Valider
4387;26/05/2020;26/05/2020;27/05/2020;2;28/05/2020;2973;Valider
4388;26/05/2020;25/05/2020;27/05/2020;3;28/05/2020;3725;Valider
4389;26/05/2020;26/05/2020;26/05/2020;1;27/05/2020;3085;Valider
4390;26/05/2020;22/05/2020;22/05/2020;1;25/05/2020;4660;Valider
4391;26/05/2020;26/05/2020;27/05/2020;2;28/05/2020;4671;Valider
4392;26/05/2020;26/05/2020;27/05/2020;2;28/05/2020;4702;Valider
4393;26/05/2020;26/05/2020;29/05/2020;4;30/05/2020;3050;Valider
4394;26/05/2020;26/05/2020;27/05/2020;2;28/05/2020;4473;Valider
4395;27/05/2020;27/05/2020;27/05/2020;1;28/05/2020;3494;Valider
4396;27/05/2020;27/05/2020;28/05/2020;2;29/05/2020;3427;Valider
4397;27/05/2020;26/05/2020;27/05/2020;2;28/05/2020;4610;Valider
4398;27/05/2020;25/05/2020;27/05/2020;3;28/05/2020;4808;Valider
4399;27/05/2020;27/05/2020;27/05/2020;1;28/05/2020;4323;Valider
4400;27/05/2020;26/05/2020;28/05/2020;3;29/05/2020;4521;Valider
4402;27/05/2020;25/05/2020;27/05/2020;3;28/05/2020;4358;Valider
4403;27/05/2020;27/05/2020;28/05/2020;2;29/05/2020;4378;Valider
4404;28/05/2020;28/05/2020;29/05/2020;2;30/05/2020;3461;Valider
4407;28/05/2020;28/05/2020;29/05/2020;2;30/05/2020;3902;Valider
4408;28/05/2020;27/05/2020;29/05/2020;3;30/05/2020;3869;Valider
4409;28/05/2020;28/05/2020;29/05/2020;2;30/05/2020;4699;Valider
4410;28/05/2020;28/05/2020;29/05/2020;2;30/05/2020;4742;Valider
4411;28/05/2020;28/05/2020;29/05/2020;2;30/05/2020;3494;Valider
4413;28/05/2020;28/05/2020;29/05/2020;2;30/05/2020;3879;Valider
4414;28/05/2020;28/05/2020;29/05/2020;2;30/05/2020;3294;Valider
4415;29/05/2020;29/05/2020;29/05/2020;1;30/05/2020;3127;Valider
4416;29/05/2020;29/05/2020;30/05/2020;2;01/06/2020;4967;Valider
4417;29/05/2020;29/05/2020;29/05/2020;1;30/05/2020;3493;Valider
4420;29/05/2020;29/05/2020;31/05/2020;3;01/06/2020;4483;Valider
4421;29/05/2020;02/06/2020;06/06/2020;5;08/06/2020;4006;Valider
4422;29/05/2020;27/05/2020;31/05/2020;5;01/06/2020;3322;Valider
4424;02/06/2020;02/06/2020;02/06/2020;1;03/06/2020;4740;Valider
4425;02/06/2020;02/06/2020;04/06/2020;3;05/06/2020;3664;Valider
4426;02/06/2020;02/06/2020;03/06/2020;2;04/06/2020;4629;Valider
4427;02/06/2020;02/06/2020;03/06/2020;2;04/06/2020;3863;Valider
4428;02/06/2020;02/06/2020;03/06/2020;2;04/06/2020;3084;Valider
4429;02/06/2020;02/06/2020;02/06/2020;1;03/06/2020;3364;Valider
4431;12/06/2020;01/06/2020;05/06/2020;5;06/06/2020;4493;Valider
4432;02/06/2020;02/06/2020;03/06/2020;2;04/06/2020;4708;Valider
4433;02/06/2020;01/06/2020;03/06/2020;3;04/06/2020;2769;Valider
4434;02/06/2020;02/06/2020;03/06/2020;2;04/06/2020;2976;Valider
4435;02/06/2020;02/06/2020;03/06/2020;2;04/06/2020;3813;Valider
4436;02/06/2020;02/06/2020;02/06/2020;1;03/06/2020;3071;Valider
4437;02/06/2020;02/06/2020;02/06/2020;1;03/06/2020;3286;Valider
4438;02/06/2020;02/06/2020;03/06/2020;2;04/06/2020;3851;Valider
4439;02/06/2020;02/06/2020;03/06/2020;2;04/06/2020;3973;Valider
4440;02/06/2020;02/06/2020;04/06/2020;3;05/06/2020;3557;Valider
4441;03/06/2020;03/06/2020;05/06/2020;3;06/06/2020;3902;Valider
4442;03/06/2020;03/06/2020;04/06/2020;2;05/06/2020;3493;Valider
4443;03/06/2020;03/06/2020;04/06/2020;2;05/06/2020;4958;Valider
4444;03/06/2020;03/06/2020;03/06/2020;1;04/06/2020;4092;Valider
4445;03/06/2020;03/06/2020;03/06/2020;1;04/06/2020;4508;Valider
4446;03/06/2020;03/06/2020;05/06/2020;3;06/06/2020;2902;Valider
4447;03/06/2020;01/06/2020;04/06/2020;4;05/06/2020;4243;Valider
4448;03/06/2020;02/06/2020;04/06/2020;3;05/06/2020;3654;Valider
4449;03/06/2020;02/06/2020;04/06/2020;3;05/06/2020;3052;Valider
4450;03/06/2020;29/05/2020;30/05/2020;2;01/06/2020;4653;Valider
4451;03/06/2020;03/06/2020;04/06/2020;2;05/06/2020;4357;Valider
4452;03/06/2020;03/06/2020;05/06/2020;3;06/06/2020;4479;Valider
4453;04/06/2020;04/06/2020;05/06/2020;2;06/06/2020;2682;Valider
4454;04/06/2020;02/06/2020;03/06/2020;2;04/06/2020;3900;Valider
4455;04/06/2020;04/06/2020;04/06/2020;1;05/06/2020;3900;Valider
4456;04/06/2020;04/06/2020;05/06/2020;2;06/06/2020;3397;Valider
4457;04/06/2020;04/06/2020;05/06/2020;2;06/06/2020;3926;Valider
4459;04/06/2020;03/06/2020;05/06/2020;3;06/06/2020;3555;Valider
4460;04/06/2020;04/06/2020;05/06/2020;2;06/06/2020;3905;Valider
4461;04/06/2020;03/06/2020;05/06/2020;3;06/06/2020;3544;Valider
4462;04/06/2020;04/06/2020;05/06/2020;2;06/06/2020;4939;Valider
4463;16/06/2020;03/06/2020;07/06/2020;5;08/06/2020;3818;Valider
4464;05/06/2020;05/06/2020;05/06/2020;1;08/06/2020;3532;Valider
4465;05/06/2020;05/06/2020;05/06/2020;1;08/06/2020;4708;Valider
4466;05/06/2020;02/06/2020;05/06/2020;4;06/06/2020;3869;Valider
4467;05/06/2020;02/06/2020;03/06/2020;2;04/06/2020;4000;Valider
4468;05/06/2020;04/06/2020;05/06/2020;2;06/06/2020;4000;Valider
4469;05/06/2020;05/06/2020;05/06/2020;1;08/06/2020;3437;Valider
4470;05/06/2020;05/06/2020;06/06/2020;2;08/06/2020;3657;Valider
4471;05/06/2020;05/06/2020;05/06/2020;1;08/06/2020;3493;Valider
4472;05/06/2020;05/06/2020;05/06/2020;1;08/06/2020;4357;Valider
4473;05/06/2020;05/06/2020;05/06/2020;1;08/06/2020;4238;Valider
4474;05/06/2020;02/06/2020;06/06/2020;5;08/06/2020;3322;Valider
4475;05/06/2020;05/06/2020;05/06/2020;1;08/06/2020;3011;Valider
4476;05/06/2020;04/06/2020;05/06/2020;2;06/06/2020;4837;Valider
4477;05/06/2020;05/06/2020;06/06/2020;2;08/06/2020;3373;Valider
4478;05/06/2020;05/06/2020;06/06/2020;2;08/06/2020;3459;Valider
4479;05/06/2020;06/06/2020;06/06/2020;1;08/06/2020;4793;Valider
4480;08/06/2020;08/06/2020;09/06/2020;2;10/06/2020;3532;Valider
4481;08/06/2020;08/06/2020;12/06/2020;5;13/06/2020;4629;Valider
4482;08/06/2020;08/06/2020;12/06/2020;5;13/06/2020;4413;Valider
4483;08/06/2020;05/06/2020;05/06/2020;1;06/06/2020;3429;Valider
4484;08/06/2020;08/06/2020;10/06/2020;3;11/06/2020;3574;Valider
4485;08/06/2020;08/06/2020;10/06/2020;3;11/06/2020;4249;Valider
4486;08/06/2020;08/06/2020;09/06/2020;2;10/06/2020;3005;Valider
4487;08/06/2020;08/06/2020;09/06/2020;2;10/06/2020;4898;Valider
4488;08/06/2020;08/06/2020;09/06/2020;2;10/06/2020;4030;Valider
4489;08/06/2020;08/06/2020;09/06/2020;2;10/06/2020;3727;Valider
4490;08/06/2020;05/06/2020;07/06/2020;3;08/06/2020;4929;Valider
4491;08/06/2020;08/06/2020;09/06/2020;2;10/06/2020;4202;Valider
4492;08/06/2020;08/06/2020;09/06/2020;2;10/06/2020;4006;Valider
4493;08/06/2020;08/06/2020;09/06/2020;2;10/06/2020;3322;Valider
4494;08/06/2020;08/06/2020;10/06/2020;3;11/06/2020;2902;Valider
4495;09/06/2020;09/06/2020;09/06/2020;1;10/06/2020;4169;Valider
4496;09/06/2020;09/06/2020;10/06/2020;2;11/06/2020;4524;Valider
4497;09/06/2020;09/06/2020;11/06/2020;3;12/06/2020;4238;Valider
4498;09/06/2020;07/06/2020;09/06/2020;3;10/06/2020;4069;Valider
4499;09/06/2020;09/06/2020;10/06/2020;2;11/06/2020;4314;Valider
4500;09/06/2020;09/06/2020;11/06/2020;3;12/06/2020;3369;Valider
4501;09/06/2020;29/05/2020;29/05/2020;1;30/05/2020;3183;Valider
4502;09/06/2020;08/06/2020;10/06/2020;3;11/06/2020;4039;Valider
4503;09/06/2020;09/06/2020;09/06/2020;1;10/06/2020;3052;Valider
4504;09/06/2020;09/06/2020;10/06/2020;2;11/06/2020;3328;Valider
4505;09/06/2020;09/06/2020;10/06/2020;2;11/06/2020;4079;Valider
4506;09/06/2020;09/06/2020;10/06/2020;2;11/06/2020;3875;Valider
4507;09/06/2020;08/06/2020;10/06/2020;3;11/06/2020;4101;Valider
4508;09/06/2020;08/06/2020;09/06/2020;2;10/06/2020;3825;Valider
4509;09/06/2020;09/06/2020;10/06/2020;2;11/06/2020;4726;Valider
4510;09/06/2020;09/06/2020;11/06/2020;3;12/06/2020;3936;Valider
4511;10/06/2020;09/06/2020;10/06/2020;2;11/06/2020;3635;Valider
4512;10/06/2020;08/06/2020;10/06/2020;3;11/06/2020;2797;Valider
4513;10/06/2020;08/06/2020;10/06/2020;3;11/06/2020;4885;Valider
4514;10/06/2020;08/06/2020;10/06/2020;3;11/06/2020;4650;Valider
4515;10/06/2020;10/06/2020;12/06/2020;3;13/06/2020;4898;Valider
4516;10/06/2020;10/06/2020;11/06/2020;2;12/06/2020;4853;Valider
4517;10/06/2020;10/06/2020;11/06/2020;2;12/06/2020;3800;Valider
4518;10/06/2020;10/06/2020;10/06/2020;1;11/06/2020;2589;Valider
4519;10/06/2020;10/06/2020;11/06/2020;2;12/06/2020;4285;Valider
4520;10/06/2020;10/06/2020;11/06/2020;2;12/06/2020;4030;Valider
4521;10/06/2020;10/06/2020;10/06/2020;1;11/06/2020;3628;Valider
4522;10/06/2020;10/06/2020;11/06/2020;2;12/06/2020;4793;Valider
4523;10/06/2020;10/06/2020;12/06/2020;3;13/06/2020;3568;Valider
4524;10/06/2020;09/06/2020;12/06/2020;4;13/06/2020;3898;Valider
4525;10/06/2020;10/06/2020;12/06/2020;3;13/06/2020;3005;Valider
4526;15/06/2020;09/06/2020;16/06/2020;8;17/06/2020;4546;Valider
4528;10/06/2020;10/06/2020;12/06/2020;3;13/06/2020;3052;Valider
4529;10/06/2020;10/06/2020;10/06/2020;1;11/06/2020;4006;Valider
4531;11/06/2020;11/06/2020;11/06/2020;1;12/06/2020;4169;Valider
4532;11/06/2020;11/06/2020;12/06/2020;2;13/06/2020;4524;Valider
4533;11/06/2020;10/06/2020;11/06/2020;2;12/06/2020;3639;Valider
4534;11/06/2020;11/06/2020;12/06/2020;2;13/06/2020;3574;Valider
4535;11/06/2020;11/06/2020;12/06/2020;2;13/06/2020;4074;Valider
4536;11/06/2020;11/06/2020;12/06/2020;2;13/06/2020;3410;Valider
4537;11/06/2020;11/06/2020;12/06/2020;2;13/06/2020;4004;Valider
4538;11/06/2020;11/06/2020;12/06/2020;2;13/06/2020;4121;Valider
4539;11/06/2020;11/06/2020;12/06/2020;2;13/06/2020;2751;Valider
4540;11/06/2020;26/05/2020;31/05/2020;6;01/06/2020;4019;Valider
4542;11/06/2020;11/06/2020;12/06/2020;2;13/06/2020;4877;Valider
4543;12/06/2020;12/06/2020;12/06/2020;1;13/06/2020;3580;Valider
4544;12/06/2020;09/06/2020;11/06/2020;3;12/06/2020;4261;Valider
4545;12/06/2020;12/06/2020;12/06/2020;1;13/06/2020;4522;Valider
4546;12/06/2020;12/06/2020;12/06/2020;1;13/06/2020;3639;Valider
4547;12/06/2020;12/06/2020;12/06/2020;1;13/06/2020;4742;Valider
4548;12/06/2020;12/06/2020;13/06/2020;2;15/06/2020;3603;Valider
4549;12/06/2020;11/06/2020;12/06/2020;2;13/06/2020;4093;Valider
4550;12/06/2020;12/06/2020;12/06/2020;1;13/06/2020;4238;Valider
4551;12/06/2020;12/06/2020;13/06/2020;2;15/06/2020;3459;Valider
4552;12/06/2020;11/06/2020;12/06/2020;2;13/06/2020;4039;Valider
4553;12/06/2020;09/06/2020;12/06/2020;4;13/06/2020;4588;Valider
4554;12/06/2020;10/06/2020;12/06/2020;3;13/06/2020;3322;Valider
4555;12/06/2020;12/06/2020;12/06/2020;1;13/06/2020;3845;Valider
4556;12/06/2020;12/06/2020;13/06/2020;2;15/06/2020;4169;Valider
4557;15/06/2020;15/06/2020;16/06/2020;2;17/06/2020;3981;Valider
4558;15/06/2020;15/06/2020;15/06/2020;1;16/06/2020;4298;Valider
4559;15/06/2020;15/06/2020;19/06/2020;5;20/06/2020;4629;Valider
4560;15/06/2020;15/06/2020;16/06/2020;2;17/06/2020;3467;Valider
4561;15/06/2020;12/06/2020;12/06/2020;1;13/06/2020;2902;Valider
4562;15/06/2020;15/06/2020;17/06/2020;3;18/06/2020;2902;Valider
4563;15/06/2020;15/06/2020;19/06/2020;5;20/06/2020;3074;Valider
4564;15/06/2020;11/06/2020;11/06/2020;1;12/06/2020;4000;Valider
4565;15/06/2020;15/06/2020;17/06/2020;3;18/06/2020;4112;Valider
4566;15/06/2020;15/06/2020;15/06/2020;1;16/06/2020;3611;Valider
4567;15/06/2020;15/06/2020;16/06/2020;2;17/06/2020;4116;Valider
4568;15/06/2020;15/06/2020;17/06/2020;3;18/06/2020;4216;Valider
4569;15/06/2020;15/06/2020;16/06/2020;2;17/06/2020;2822;Valider
4570;15/06/2020;15/06/2020;16/06/2020;2;17/06/2020;4205;Valider
4571;15/06/2020;15/06/2020;16/06/2020;2;17/06/2020;4391;Valider
4572;15/06/2020;15/06/2020;17/06/2020;3;18/06/2020;3405;Valider
4573;15/06/2020;11/06/2020;15/06/2020;5;16/06/2020;4967;Valider
4574;15/06/2020;15/06/2020;16/06/2020;2;17/06/2020;3996;Valider
4575;15/06/2020;04/06/2020;06/06/2020;3;08/06/2020;4792;Valider
4576;15/06/2020;08/06/2020;14/06/2020;7;15/06/2020;4792;Valider
4577;15/06/2020;05/06/2020;09/06/2020;5;10/06/2020;4958;Valider
4578;15/06/2020;10/06/2020;14/06/2020;5;15/06/2020;4958;Valider
4579;15/06/2020;15/06/2020;16/06/2020;2;17/06/2020;3843;Valider
4580;15/06/2020;04/06/2020;08/06/2020;5;09/06/2020;4773;Valider
4581;15/06/2020;09/06/2020;16/06/2020;8;17/06/2020;4773;Valider
4582;15/06/2020;05/06/2020;09/06/2020;5;10/06/2020;4898;Valider
4583;15/06/2020;10/06/2020;14/06/2020;5;15/06/2020;4898;Valider
4584;15/06/2020;15/06/2020;19/06/2020;5;20/06/2020;4898;Valider
4585;15/06/2020;05/06/2020;09/06/2020;5;10/06/2020;4740;Valider
4586;15/06/2020;10/06/2020;14/06/2020;5;15/06/2020;4740;Valider
